DESTINO;CTRC/GAI/PAL;T;AUTORIZACAO;PREV DE ENTREGA;NFISCAL;PEDIDO;SUBC;REMETENTE;PAGADOR;ABC;DESTINATARIO;CIDADE;UF;SET;MERCADORIA;FRETE;KgREA;M3;PESO CALCULO;SSWBAR;QVOL;COD ULT OCOR;DESC ULT OCOR;DATA ULT OCOR;PREVCHEGADA;MANIFESTO/END;CHAVE DACTE;COMISSAO RECEPCAO;TROCA GELO
ACC;REC127267-5; N;24/09/2026;09/10/2026;306660;87475459;     ;PINCEIS ATLAS SA;PINCEIS ATLAS SA;A.;L6 MATERIAIS PARA CONSTRUCAO L;CORRENTINA;BA;BJL;5.893,05;685,59;108,48;0,88;264;40;40;83;CHEGADA EM UNIDADE;29/09/2026;;REC003094-5;26260930621082000152570020001267491001532357 ;176,94;
EXP;BGS001960-7; N;22/09/2026;15/10/2026;139124;143947;     ;NETMOBIL INDUSTRIA E COMERCIO;NETMOBIL INDUSTRIA E COMERCIO;C.;BRUNO DAMASCENA GOMES;BARRO ALTO;BA;IRE;938,21;248,84;41,1;0,09;41,1;0;4;83;CHEGADA EM UNIDADE;29/09/2026;;BGS000164-3;43260930621082000403570010000019111001529150 ;99,54;
EXP;BGS001995-0; N;24/09/2026;19/10/2026;139372;144146;     ;NETMOBIL INDUSTRIA E COMERCIO;NETMOBIL INDUSTRIA E COMERCIO;C.;GUSTAVO OLIVEIRA DOURADO MACIE;CENTRAL;BA;IRE;981,04;276,54;36,2;0,06;36,2;0;3;83;CHEGADA EM UNIDADE;29/09/2026;;BGS000164-3;43260930621082000403570010000019451001533066 ;110,62;
EXP;JOI067265-3; N;10/09/2026;02/10/2026;159175;            ;     ;PNEUBEST COMERCIAL LTDA;PNEUBEST COMERCIAL LTDA;B.;ISAC MODESTO GONZAGA;XIQUE-XIQUE;BA;IRE;737,68;191,74;19,62;0,1047;19,62;0;1;83;CHEGADA EM UNIDADE;18/09/2026;;EXP000006-0;42260930621082000314570010000669461001508468 ;76,7;
EXP;JOI067975-5; N;18/09/2026;13/10/2026;1038;            ;     ;FRONTEIRA COMERCIO ATACADISTA;FRONTEIRA COMERCIO ATACADISTA;C.;LUCAS FERREIRA MONTEIRO;GENTIO DO OURO;BA;IRE;4.600,00;1.262,34;80;1,3359;400,77;0;1;83;CHEGADA EM UNIDADE;29/09/2026;;JOI002292-6;42260930621082000314570010000676181001522375 ;504,94;
EXP;REC127433-3; N;28/09/2026;14/10/2026;306952;87486648;     ;PINCEIS ATLAS SA;PINCEIS ATLAS SA;A.;JOCINEI BISPO DOS SANTOS;BARRA;BA;IRE;4.944,58;548,95;84,57;0,5;150;31;31;83;CHEGADA EM UNIDADE;30/09/2026;;REC003097-0;26260930621082000152570020001268751001538032 ;219,58;
EXP;REC127369-8; N;25/09/2026;14/10/2026;299099;22252672;     ;METALURGICA MOR SA - PE 95.422;METALURGICA MOR SA - PE 95.422;B.;MARIA ENI DOS REIS PEREIRA;CAFARNAUM;BA;IRE;1.436,98;297,72;47,811;0,8651;216,275;0;15;83;CHEGADA EM UNIDADE;01/10/2026;;REC003101-1;26260930621082000152570020001268521001536574 ;119,09;
EXP;REC127645-0; N;30/09/2026;16/10/2026;299466;22254524;     ;METALURGICA MOR SA - PE 95.422;METALURGICA MOR SA - PE 95.422;B.;JOAO DAMASCO PINHEIRO D SILVA ;SOBRADINHO;BA;489;3.690,95;318,1;90,741;0,8178;204,45;0;20;83;CHEGADA EM UNIDADE;01/10/2026;;REC003102-0;26260930621082000152570020001271231001543400 ;127,24;
EXT;SSA129383-4; D;11/09/2026;24/09/2026;45220;            ;     ;MATEUS SUPERMERCADOS S.A. - 44;PANDURATA ALIMENTOS LTDA;A3;PANDURATA ALIMENTOS LTDA;EXTREMA;MG;376;1.167,70;131,02;56,44;0,23;69;0;11;80;MERCADORIA RECEBIDA PARA TRANSPORTE;11/09/2026;;;29260930621082000233570030001272151001512690 ;0;
EXT;SSA129403-2; D;11/09/2026;24/09/2026;7881;            ;     ;CMA DISTRIBUIDORA LTDA;PANDURATA ALIMENTOS LTDA;A3;PANDURATA ALIMENTOS LTDA;EXTREMA;MG;376;923,52;181,41;29,072;0,3;90;0;15;27;DEVOLUCAO AUTORIZADA;11/09/2026;;;29260930621082000233570030001272351001513630 ;0;
EXT;SSA129418-1; D;14/09/2026;23/09/2026;755953;            ;     ;CENCOSUD BRASIL ATACADO LTDA.;PANDURATA ALIMENTOS LTDA;A3;PANDURATA ALIMENTOS LTDA;EXTREMA;MG;376;10.778,19;1.004,48;435,599;2,109;632,7;0;87;27;DEVOLUCAO AUTORIZADA;15/09/2026;;;29260930621082000233570030001272441001514865 ;0;
EXT;SSA129433-4; D;15/09/2026;24/09/2026;755957;            ;     ;CENCOSUD BRASIL ATACADO LTDA;PANDURATA ALIMENTOS LTDA;A3;PANDURATA ALIMENTOS LTDA;EXTREMA;MG;376;985,15;93,68;36,49;0,195;58,5;0;5;27;DEVOLUCAO AUTORIZADA;15/09/2026;;;29260930621082000233570030001272591001515899 ;0;
EXT;SSA129459-8; D;15/09/2026;24/09/2026;755955;            ;     ;CENCOSUD BRASIL ATACADO LTDA;PANDURATA ALIMENTOS LTDA;A3;PANDURATA ALIMENTOS LTDA;EXTREMA;MG;376;14.723,73;1.300,58;615,13;2,731;819,3;0;118;27;DEVOLUCAO AUTORIZADA;15/09/2026;;;29260930621082000233570030001272851001516470 ;0;
EXT;SSA129460-1; D;15/09/2026;24/09/2026;755942;            ;     ;MERCANTIL RODRIGUES COMERCIAL ;PANDURATA ALIMENTOS LTDA;A3;PANDURATA ALIMENTOS LTDA;EXTREMA;MG;376;6.197,45;491,42;272,411;1,029;308,7;0;52;27;DEVOLUCAO AUTORIZADA;15/09/2026;;;29260930621082000233570030001272861001516485 ;0;
EXT;SSA129780-5; D;24/09/2026;05/10/2026;40582;            ;     ;HIPERIDEAL EMPREENDIMENTOS LTD;PANDURATA ALIMENTOS LTDA;A3;PANDURATA ALIMENTOS LTDA;EXTREMA;MG;376;4.800,80;11,65;4,68;0,02;6;0;1;27;DEVOLUCAO AUTORIZADA;24/09/2026;;;29260930621082000233570030001276041001532525 ;0;
EXT;SSA129858-5; D;25/09/2026;06/10/2026;750633;            ;     ;MATEUS SUPERMERCADOS SA;PANDURATA ALIMENTOS LTDA;A3;PANDURATA ALIMENTOS LTDA;EXTREMA;MG;376;3.767,44;418,38;187,523;0,878;263,4;0;30;27;DEVOLUCAO AUTORIZADA;25/09/2026;;;29260930621082000233570030001276811001535400 ;0;
EXT;SSA129862-3; D;25/09/2026;06/10/2026;750632;            ;     ;MATEUS SUPERMERCADOS SA;PANDURATA ALIMENTOS LTDA;A3;PANDURATA ALIMENTOS LTDA;EXTREMA;MG;376;2.832,99;252,51;128,693;0,529;158,7;0;23;27;DEVOLUCAO AUTORIZADA;25/09/2026;;;29260930621082000233570030001276821001535415 ;0;
EXT;SSA130038-5; D;30/09/2026;09/10/2026;5326521;0;     ;DONIZETE DISTRIBUIDORA DE ALIM;PANDURATA ALIMENTOS LTDA;A3;PANDURATA ALIMENTOS LTDA;EXTREMA;MG;376;3.007,53;978,69;359,45;2,054;616,2;0;79;27;DEVOLUCAO AUTORIZADA;30/09/2026;;;29260930621082000233570030001278561001544466 ;0;
EXT;SSA130169-1; D;02/10/2026;14/10/2026;7011;            ;     ;MATEUS SUPERMERCADOS SA;PANDURATA ALIMENTOS LTDA;A3;PANDURATA ALIMENTOS LTDA;EXTREMA;MG;376;2.796,31;192,05;121,54;0,4;121,54;0;25;27;DEVOLUCAO AUTORIZADA;02/10/2026;;;29261030621082000233570030001279771001548300 ;0;
FS1;EXT128441-0; N;26/08/2026;07/10/2026;756815;1748392;     ;PANDURATA ALIMENTOS LTDA;PANDURATA ALIMENTOS LTDA;A3;ARMAZEM MATEUS S A;FEIRA DE SANTANA;BA;FSA;111.669,08;9.441,40;4526,734;21,365;6409,5;0;14;15;ENTREGA AGENDADA PELO CLIENTE;18/09/2026;;EXT000087-6;29260830621082000233570030001262891001479605 ;1.794,66;
FS1;MCZ128981-1; N;03/09/2026;05/10/2026;125009;1751675;     ;PANDURATA ALIMENTOS LTDA;PANDURATA ALIMENTOS LTDA;A3;MULTICOM DISTRIBUIDORA SA;FEIRA DE SANTANA;BA;FSA;61.176,12;3.318,45;2123,1;10,2;3060;0;300;15;ENTREGA AGENDADA PELO CLIENTE;30/09/2026;;MCZ000133-3;29260930621082000233570030001268011001497155 ;856,8;
FS1;MCZ129315-0; N;10/09/2026;05/10/2026;125912;1760679;     ;PANDURATA ALIMENTOS LTDA;PANDURATA ALIMENTOS LTDA;A3;MULTICOM DISTRIBUIDORA SA;FEIRA DE SANTANA;BA;FSA;78.876,42;5.502,67;1696,96;16,96;5088;0;11;15;ENTREGA AGENDADA PELO CLIENTE;01/10/2026;;MCZ000143-1;29260930621082000233570030001271481001509539 ;1.424,64;
FS1;MCZ129729-5; N;23/09/2026;05/10/2026;126316;1766953;     ;PANDURATA ALIMENTOS LTDA;PANDURATA ALIMENTOS LTDA;A3;MULTICOM DISTRIBUIDORA SA;FEIRA DE SANTANA;BA;FSA;69.805,04;4.857,10;1635,664;14,968;4490,4;0;9;15;ENTREGA AGENDADA PELO CLIENTE;02/10/2026;;MCZ000148-1;29260930621082000233570030001275541001529288 ;1.257,31;
FS1;MCZ129890-9; N;25/09/2026;20/10/2026;126510;            ;     ;PANDURATA ALIMENTOS LTDA;PANDURATA ALIMENTOS LTDA;A3;WMS SUPERMERCADOS DO BRASIL LT;FEIRA DE SANTANA;BA;FSA;48.719,43;4.498,91;1666,637;13,884;4165,2;0;9;15;ENTREGA AGENDADA PELO CLIENTE;30/09/2026;;MCZ000153-8;29260930621082000233570030001276941001535858 ;1.166,26;
FS1;REC127112-1; N;23/09/2026;05/10/2026;   130462*;87477563;     ;BETTANIN INDUSTRIAL S/A;BETTANIN INDUSTRIAL S/A;A.;WELINHTON DIAS TEIXEIRA ME;FEIRA DE SANTANA;BA;FSA;36.695,60;4.064,27;742,28;15,05;4515;11;11;15;ENTREGA AGENDADA PELO CLIENTE;28/09/2026;;REC003090-2;26260930621082000152570020001265961001529304 ;1.264,20;
FS1;SSA128396-1; N;25/08/2026;07/10/2026;     2381*;            ;     ;COOPERATIVA CENTRAL GAUCHA LTD;COOPERATIVA CENTRAL GAUCHA LTD;A.;ARMAZEM MATEUS S A;FEIRA DE SANTANA;BA;FSA;268.029,00;5.808,83;25335,18;0;25335,18;0;3.240;15;ENTREGA AGENDADA PELO CLIENTE;17/09/2026;;;29260830621082000233570030001262451001476806 ;7.093,85;
FS1;SSA129423-7; N;15/09/2026;21/09/2026;     2528*;91182;     ;COOPERATIVA CENTRAL GAUCHA LTD;COOPERATIVA CENTRAL GAUCHA LTD;A.;ARMAZEM MATEUS S A;FEIRA DE SANTANA;BA;FSA;330.680,00;5.887,65;28526,294;0;28526,294;0;2.570;35;AGUARDANDO AGENDAMENTO DO CLIENTE;24/09/2026;;;29260930621082000233570030001272521001515707 ;7.987,36;
FS1;SSA129770-8; N;24/09/2026;20/10/2026;2624;4318212;     ;COOPERATIVA CENTRAL GAUCHA LTD;COOPERATIVA CENTRAL GAUCHA LTD;A.;ARMAZEM MATEUS S A;FEIRA DE SANTANA;BA;FSA;90.000,00;2.491,37;3095,4;0;3095,4;0;5;15;ENTREGA AGENDADA PELO CLIENTE;30/09/2026;;;29260930621082000233570030001275911001531898 ;866,71;
FS1;SSA129773-2; N;24/09/2026;07/10/2026;2628;919534885;     ;COOPERATIVA CENTRAL GAUCHA LTD;COOPERATIVA CENTRAL GAUCHA LTD;A.;ATACADAO S A;FEIRA DE SANTANA;BA;FSA;290.000,00;3.949,69;10318;0;10318;0;17;15;ENTREGA AGENDADA PELO CLIENTE;25/09/2026;;;29260930621082000233570030001275941001531920 ;2.889,04;
FS1;SSA130104-7; N;01/10/2026;07/10/2026;    82833*;            ;     ;PERFECT EQ DE LIMPEZA EIRELI-F;PERFECT EQ DE LIMPEZA EIRELI-F;B.;NOAH COMERCIO DE ALIMENTOS PRO;FEIRA DE SANTANA;BA;FSA;2.946,47;182,13;61,21;0,53;159;1;12;51;SOBRA DE MERCADORIA;01/10/2026;;;29261030621082000233570030001279121001546281 ;44,52;
FS1;SSA130114-4; N;01/10/2026;07/10/2026;1035224;            ;     ;CONDOR S.A.;CONDOR S.A.;B.;ARMAZEM MATEUS S A;FEIRA DE SANTANA;BA;FSA;89.937,05;5.581,26;2121,17;19,98;5994;577;577;80;MERCADORIA RECEBIDA PARA TRANSPORTE;01/10/2026;;;29261030621082000233570030001279221001546393 ;1.778,32;
FS1;SSA130155-1; N;01/10/2026;07/10/2026;1162130;1847826COND ;     ;PIETROBON E CIA. LTDA.;PIETROBON E CIA. LTDA.;B.;AMF DIST. DE DOCES, ALIM. E TR;FEIRA DE SANTANA;BA;FSA;1.438,14;188,69;123,6;0,33;123,6;0;8;80;MERCADORIA RECEBIDA PARA TRANSPORTE;01/10/2026;;;29261030621082000233570030001279661001547378 ;35;
FS1;SSA130162-4; N;02/10/2026;08/10/2026;     2719*;4318212;     ;COOPERATIVA CENTRAL GAUCHA LTD;COOPERATIVA CENTRAL GAUCHA LTD;A.;ARMAZEM MATEUS S A;FEIRA DE SANTANA;BA;FSA;480.000,00;5.194,97;16508,8;0;16508,8;0;1.600;80;MERCADORIA RECEBIDA PARA TRANSPORTE;02/10/2026;;;29261030621082000233570030001279701001547702 ;4.622,46;
FS1;SSA130163-2; N;02/10/2026;08/10/2026;2718;4318212;     ;COOPERATIVA CENTRAL GAUCHA LTD;COOPERATIVA CENTRAL GAUCHA LTD;A.;ARMAZEM MATEUS S A;FEIRA DE SANTANA;BA;FSA;420.000,00;5.119,50;14445,2;0;14445,2;0;24;80;MERCADORIA RECEBIDA PARA TRANSPORTE;02/10/2026;;;29261030621082000233570030001279711001547718 ;4.044,66;
ITB;REC127390-6; N;28/09/2026;14/10/2026;130669;87486385;     ;BETTANIN INDUSTRIAL S/A;BETTANIN INDUSTRIAL S/A;A.;MULTICOM ATACADO E VAREJO S/A;ITABUNA;BA;456;11.333,20;846,41;124,44;2,38;714;46;46;83;CHEGADA EM UNIDADE;30/09/2026;;REC003097-0;26260930621082000152570020001268871001538157 ;186,21;
ITB;REC127662-0; N;30/09/2026;16/10/2026;299483;22255313;     ;METALURGICA MOR SA - PE 95.422;METALURGICA MOR SA - PE 95.422;B.;QS MATERIAIS DE CONSTRUCAO LTD;UBAITABA;BA;455;2.117,98;174,4;69,957;0,4611;115,275;0;9;83;CHEGADA EM UNIDADE;01/10/2026;;REC003102-0;26260930621082000152570020001271441001543613 ;53,71;
ITB;SSA130103-9; N;01/10/2026;14/10/2026;82829;            ;     ;PERFECT EQ DE LIMPEZA EIRELI-F;PERFECT EQ DE LIMPEZA EIRELI-F;B.;12.008.749 ALEX COSTA PONDE;CANAVIEIRAS;BA;458;3.731,49;220;45,7;0,61;183;0;15;80;MERCADORIA RECEBIDA PARA TRANSPORTE;01/10/2026;;;29261030621082000233570030001279111001546276 ;61,22;
JOI;FS1124536-8; N;12/06/2026;29/06/2026;914471;            ;     ;MARCUS VINICIUS LOPES DE JESUS;TBX IND, IMP E COMERCIO LTDA;A.;TBX IND, IMP E COMERCIO LTDA;GARUVA;SC;892;0,01;0,01;93;0,4774;119,35;0;1;83;CHEGADA EM UNIDADE;12/06/2026;;FS1000151-1;29260630621082000233570030001224231001321134 ;0;
JOI;SSA129878-0; D;25/09/2026;15/10/2026;975632;            ;     ;LARISSA ATADEMO LEITE;TBX IND, IMP E COMERCIO LTDA;A.;TBX IND, IMP E COMERCIO LTDA;GARUVA;SC;892;743,48;191,01;56;0,2579;64,475;0;1;27;DEVOLUCAO AUTORIZADA;25/09/2026;;;29260930621082000233570030001276901001535611 ;0;
JOI;SSA129898-4; D;25/09/2026;15/10/2026;987416;            ;     ;AMILTON ROCHA DE OLIVEIRA;TBX IND, IMP E COMERCIO LTDA;A.;TBX IND, IMP E COMERCIO LTDA;GARUVA;SC;892;999,32;191,95;47,65;0,2639;65,975;0;1;27;DEVOLUCAO AUTORIZADA;25/09/2026;;;29260930621082000233570030001277021001535991 ;0;
JOI;SSA130029-6; D;29/09/2026;20/10/2026;988750;            ;     ;ELIABE SOARES ARAUJO;TBX IND, IMP E COMERCIO LTDA;A.;TBX IND, IMP E COMERCIO LTDA;GARUVA;SC;892;830,21;191,01;49,85;0,224;56;0;1;27;DEVOLUCAO AUTORIZADA;29/09/2026;;;29260930621082000233570030001278481001543069 ;0;
JOI;SSA130030-0; D;29/09/2026;20/10/2026;987309;            ;     ;JUCIENE REIS DA CONCEICAO;TBX IND, IMP E COMERCIO LTDA;A.;TBX IND, IMP E COMERCIO LTDA;GARUVA;SC;892;1.799,40;271,47;93;0,4774;119,35;0;2;27;DEVOLUCAO AUTORIZADA;29/09/2026;;;29260930621082000233570030001278491001543074 ;0;
JOI;SSA130177-2; D;02/10/2026;22/10/2026;980684;            ;     ;ARTHUR ANDRADE LIMA;TBX IND, IMP E COMERCIO LTDA;A.;TBX IND, IMP E COMERCIO LTDA;GARUVA;SC;892;820,95;209,02;46,5;0,2387;59,675;0;1;27;DEVOLUCAO AUTORIZADA;02/10/2026;;;29261030621082000233570030001279841001548780 ;0;
JPA;FS1117897-1; N;20/03/2026;27/03/2026;2711713;            ;     ;LANANDELE COMERCIAL DE ALIMENT;GDC ALIMENTOS S/A;B.;GDC ALIMENTOS S/A;CONDE;PB;583;635,85;0,01;26,85;0;26,85;0;3;83;CHEGADA EM UNIDADE;26/03/2026;;FS1000129-5;29260330621082000233570030001158251001130040 ;0,01;
JPA;FS1127998-0; N;19/08/2026;26/08/2026;30646;S10561      ;     ;UP DISTRIBUIDORA DE PRODUTOS D;GDC ALIMENTOS S/A;B.;GDC ALIMENTOS S/A;CONDE;PB;583;137,5;0,01;125;0;125;0;5;83;CHEGADA EM UNIDADE;26/08/2026;;FS1000169-4;29260830621082000233570030001258521001466510 ;0,01;
JPA;FS1127999-8; N;19/08/2026;26/08/2026;30647;S10562      ;     ;NOVO ATACADO COMERCIO DE ALIME;GDC ALIMENTOS S/A;B.;GDC ALIMENTOS S/A;CONDE;PB;583;550;0,01;500;0;500;0;20;83;CHEGADA EM UNIDADE;26/08/2026;;FS1000169-4;29260830621082000233570030001258531001466525 ;0,01;
JPA;SSA127746-4; N;14/08/2026;20/08/2026;30619;S10548      ;     ;NOVO ATACADO COMERCIO DE ALIME;GDC ALIMENTOS S/A;B.;GDC ALIMENTOS S/A;CONDE;PB;583;1.017,50;0,01;925;0;925;0;37;27;DEVOLUCAO AUTORIZADA;14/08/2026;;;29260830621082000233570030001255831001457030 ;0,01;
JPA;SSA129334-6; N;10/09/2026;16/09/2026;456035;            ;     ;CEREALISTA UNIVERSAL LTDA;GDC ALIMENTOS S/A;B.;GDC ALIMENTOS S/A;ALHANDRA;PB;583;1.161,85;0,01;31,25;0;31,25;0;5;80;MERCADORIA RECEBIDA PARA TRANSPORTE;10/09/2026;;;29260930621082000233570030001271681001509744 ;0,01;
JPA;SSA129335-4; N;10/09/2026;16/09/2026;48492;            ;     ;ROMEN CENTRO DE DISTRIBUICAO L;GDC ALIMENTOS S/A;B.;GDC ALIMENTOS S/A;CONDE;PB;583;822,89;0,01;19,69;0;19,69;0;5;80;MERCADORIA RECEBIDA PARA TRANSPORTE;10/09/2026;;;29260930621082000233570030001271691001509750 ;0,01;
JPA;SSA129336-2; N;10/09/2026;16/09/2026;1176655;            ;     ;VITORIA ATACADISTA DE ALIMENTO;GDC ALIMENTOS S/A;B.;GDC ALIMENTOS S/A;ALHANDRA;PB;583;2.556,07;0,01;93,5;0;93,5;0;11;80;MERCADORIA RECEBIDA PARA TRANSPORTE;10/09/2026;;;29260930621082000233570030001271701001509769 ;0,01;
JPA;SSA129684-1; N;22/09/2026;28/09/2026;2596;            ;     ;DISTRIBUIDORA ARACAJU LTDA;GDC ALIMENTOS S/A;B.;GDC ALIMENTOS S/A;CONDE;PB;583;216;0,01;20;0;20;0;2;80;MERCADORIA RECEBIDA PARA TRANSPORTE;22/09/2026;;;29260930621082000233570030001275071001527943 ;0,01;
JPA;SSA130158-6; N;01/10/2026;20/10/2026;1162272;1848712COND ;     ;PIETROBON E CIA. LTDA.;PIETROBON E CIA. LTDA.;B.;NTL DISTRIBUIDORA DE ALIMENTOS;CAMPINA GRANDE;PB;584;2.940,51;508,35;269,25;0,62;269,25;0;15;80;MERCADORIA RECEBIDA PARA TRANSPORTE;01/10/2026;;;29261030621082000233570030001279631001547341 ;247,75;
JPA;SSA130033-4; N;30/09/2026;06/10/2026;87286;            ;     ;GIRO FOODS COMERCIO DE ALIMENT;GDC ALIMENTOS S/A;B.;GDC ALIMENTOS S/A;ALHANDRA;PB;583;24,41;0,01;0,5;0;0,5;0;1;  ;;        ; HOJE 17:00;FS1000177-5;29260930621082000233570030001278521001544068 ;0,01;
JPA;SSA130034-2; N;30/09/2026;06/10/2026;228414;            ;     ;CENCOSUD BRASIL ATACADO LTDA.;GDC ALIMENTOS S/A;B.;GDC ALIMENTOS S/A;ALHANDRA;PB;583;170,21;0,01;5,333;0;5,333;0;1;  ;;        ; HOJE 17:00;FS1000177-5;29260930621082000233570030001278531001544081 ;0,01;
MCZ;SSA127653-1; D;13/08/2026;20/08/2026;122230;            ;     ;CENCOSUD BRASIL COMERCIAL LTDA;PANDURATA ALIMENTOS LTDA;A3;PANDURATA ALIMENTOS LTDA;MACEIO;AL;570;11.190,42;821,57;369,702;2,829;848,7;0;69;17;INFORMATIVA;13/08/2026;;;29260830621082000233570030001254961001452597 ;0,01;
MCZ;SSA127654-9; D;13/08/2026;20/08/2026;122227;            ;     ;CENCOSUD BRASIL COMERCIAL LTDA;PANDURATA ALIMENTOS LTDA;A3;PANDURATA ALIMENTOS LTDA;MACEIO;AL;570;4.404,00;218,85;165,05;0,75;225;0;50;17;INFORMATIVA;13/08/2026;;;29260830621082000233570030001254971001452608 ;0,01;
MCZ;SSA128337-5; D;24/08/2026;31/08/2026;4780;            ;     ;ATAKAREJO DIST. DE ALIM. E BEB;PANDURATA ALIMENTOS LTDA;A3;PANDURATA ALIMENTOS LTDA;MACEIO;AL;570;1.247,68;134,5;51;0,46;138;0;20;17;INFORMATIVA;23/09/2026;;;29260830621082000233570030001261881001474392 ;0,01;
MCZ;SSA128556-4; D;27/08/2026;04/09/2026;210747;            ;     ;MERCANTIL RODRIGUES COMERCIAL ;PANDURATA ALIMENTOS LTDA;A3;PANDURATA ALIMENTOS LTDA;MACEIO;AL;570;611,68;127,38;39,96;0,435;130,5;0;15;17;INFORMATIVA;23/09/2026;;;29260830621082000233570030001264001001482759 ;0,01;
MCZ;SSA129172-6; D;08/09/2026;15/09/2026;5075;            ;     ;ATAKAREJO DIST. DE ALIM. E BEB;PANDURATA ALIMENTOS LTDA;A3;PANDURATA ALIMENTOS LTDA;MACEIO;AL;570;158,99;17,95;6,21;0,057;17,1;0;3;17;INFORMATIVA;23/09/2026;;;29260930621082000233570030001269991001504900 ;0,01;
MCZ;SSA129424-5; D;15/09/2026;22/09/2026;124697;            ;     ;CENCOSUD BRASIL COMERCIAL LTDA;PANDURATA ALIMENTOS LTDA;A3;PANDURATA ALIMENTOS LTDA;MACEIO;AL;570;3.864,52;491,28;204,652;1,688;506,4;0;68;17;INFORMATIVA;23/09/2026;;;29260930621082000233570030001272491001515671 ;0,01;
MCZ;SSA129425-3; D;15/09/2026;22/09/2026;124700;            ;     ;CENCOSUD BRASIL COMERCIAL LTDA;PANDURATA ALIMENTOS LTDA;A3;PANDURATA ALIMENTOS LTDA;MACEIO;AL;570;2.758,50;334,56;127,25;1,15;345;0;50;17;INFORMATIVA;23/09/2026;;;29260930621082000233570030001272501001515680 ;0,01;
MCZ;SSA129661-2; D;22/09/2026;29/09/2026;122232;            ;     ;CENCOSUD BRASIL COMERCIAL LTDA;PANDURATA ALIMENTOS LTDA;A3;PANDURATA ALIMENTOS LTDA;MACEIO;AL;570;2.414,94;190,08;82,54;0,655;196,5;0;22;17;INFORMATIVA;23/09/2026;;;29260930621082000233570030001274871001527728 ;0,01;
MCZ;SSA129664-7; D;22/09/2026;29/09/2026;118962;            ;     ;SENDAS DISTR SA 288;PANDURATA ALIMENTOS LTDA;A3;PANDURATA ALIMENTOS LTDA;MACEIO;AL;570;509,82;55,85;21,6;0,19;57;0;10;17;INFORMATIVA;23/09/2026;;;29260930621082000233570030001274881001527741 ;0,01;
MCZ;SSA130087-3; N;01/10/2026;14/10/2026;39170;            ;     ;HIPERIDEAL EMPREENDIMENTOS LTD;QUALICOCO LTDA;C.;QUALICOCO LTDA;RIO LARGO;AL;571;316,46;0,01;4,07;0;4,07;0;2;80;MERCADORIA RECEBIDA PARA TRANSPORTE;01/10/2026;;;29261030621082000233570030001279041001546042 ;0,01;
MCZ;SSA130089-0; N;01/10/2026;14/10/2026;384328;            ;     ;RMIX COMERCIO DE GENEROS ALIME;QUALICOCO LTDA;C.;QUALICOCO LTDA;RIO LARGO;AL;571;297,84;0,01;4,8;0;4,8;0;2;80;MERCADORIA RECEBIDA PARA TRANSPORTE;01/10/2026;;;29261030621082000233570030001279061001546080 ;0,01;
MCZ;SSA130091-1; D;01/10/2026;08/10/2026;77276;CLIENTE:9905;     ;SENDAS DISTRIBUIDORA 251;PANDURATA ALIMENTOS LTDA;A3;PANDURATA ALIMENTOS LTDA;MACEIO;AL;570;39,65;47,31;0,82;0,16;48;0;2;80;MERCADORIA RECEBIDA PARA TRANSPORTE;01/10/2026;;;29261030621082000233570030001279081001546246 ;0,01;
MCZ;SSA130108-0; D;01/10/2026;08/10/2026;216310;            ;     ;SENDAS DISTRIBUIDORA 116 ARACA;PANDURATA ALIMENTOS LTDA;A3;PANDURATA ALIMENTOS LTDA;MACEIO;AL;570;356,81;24,5;7,38;0,08;24;0;1;80;MERCADORIA RECEBIDA PARA TRANSPORTE;01/10/2026;;;29261030621082000233570030001279161001546329 ;0,01;
MCZ;SSA130109-8; D;01/10/2026;08/10/2026;5473;            ;     ;ATAKAREJO DIST. DE ALIM. E BEB;PANDURATA ALIMENTOS LTDA;A3;PANDURATA ALIMENTOS LTDA;MACEIO;AL;570;371,07;38,75;14,4;0,13;39;0;7;80;MERCADORIA RECEBIDA PARA TRANSPORTE;01/10/2026;;;29261030621082000233570030001279171001546334 ;0,01;
MCZ;SSA130110-1; D;01/10/2026;13/10/2026;100244;            ;     ;SENDAS DISTR LJ 147;PANDURATA ALIMENTOS LTDA;A3;PANDURATA ALIMENTOS LTDA;MACEIO;AL;570;359,18;21,47;10,89;0,05;15;0;2;80;MERCADORIA RECEBIDA PARA TRANSPORTE;01/10/2026;;;29261030621082000233570030001279181001546340 ;0,01;
MCZ;SSA130170-5; D;02/10/2026;14/10/2026;133846;CLIENTE:9441;     ;SENDAS DIS S.A (106);PANDURATA ALIMENTOS LTDA;A3;PANDURATA ALIMENTOS LTDA;MACEIO;AL;570;3.523,84;184,02;85,76;0,57;171;0;9;27;DEVOLUCAO AUTORIZADA;02/10/2026;;;29261030621082000233570030001279761001548290 ;0,01;
MCZ;SSA130181-1; D;02/10/2026;09/10/2026;7917220;            ;     ;CENCOSUD BRASIL COMERCIAL LTDA;PANDURATA ALIMENTOS LTDA;A3;PANDURATA ALIMENTOS LTDA;MACEIO;AL;570;81,18;18,81;5,328;0,06;18;0;2;80;MERCADORIA RECEBIDA PARA TRANSPORTE;02/10/2026;;;29261030621082000233570030001279861001549080 ;0,01;
MCZ;FS1130111-0; D;01/10/2026;13/10/2026;49440;            ;     ;WMS SUPERMERCADO DO BRASIL LTD;PANDURATA ALIMENTOS LTDA;A3;PANDURATA ALIMENTOS LTDA;MACEIO;AL;570;3.966,40;245,94;115,2;0,76;228;0;20;  ;;        ; HOJE 17:00;FS1000177-5;29261030621082000233570030001279191001546355 ;0,01;
NAT;SSA130156-0; N;01/10/2026;21/10/2026;  1162131*;1847933COND ;     ;PIETROBON E CIA. LTDA.;PIETROBON E CIA. LTDA.;B.;CONFEITARIA BELA VISTA LTDA;CANGUARETAMA;RN;591;10.550,55;2.049,41;904,2;2,54;904,2;0;69;80;MERCADORIA RECEBIDA PARA TRANSPORTE;01/10/2026;;;29261030621082000233570030001279671001547383 ;1.073,13;
REC;FS1129471-7; D;16/09/2026;18/09/2026;1572780;            ;     ;DISTRIBUIDORA DE PROD ALIM SAO;SANREMO SA;A.;SANREMO SA;PAULISTA;PE;534;1.197,74;157,11;14,96;0,0937;28,11;1;1;83;CHEGADA EM UNIDADE;22/09/2026;;FS1000175-9;29260930621082000233570030001272971001517833 ;0,01;
REC;FS1129857-7; D;25/09/2026;29/09/2026;433541;0;     ;CERQUEIRA GONCALVES CIA LTDA;PINCEIS ATLAS SA;A.;PINCEIS ATLAS SA;PAULISTA;PE;534;516,82;153,95;4,282;0,054;16,2;0;2;83;CHEGADA EM UNIDADE;28/09/2026;;FS1000176-7;29260930621082000233570030001276771001535350 ;0,01;
REC;VCA128961-6; N;03/09/2026;09/09/2026;20263438;            ;JCHEG;BANCO DO NORDESTE DO BRASIL S/;MP DE FREITAS ASSUNCAO ME;C.;BANCO DO NORDESTE DO BRASIL S/;CABO DE SANTO AGOSTINHO;PE;545;3.160,00;2.105,07;1264;0;1264;0;158;83;CHEGADA EM UNIDADE;16/09/2026;;VCA000067-1;29260930621082000233570030001267811001496910 ;639,9;
REC;SSA127709-0; N;14/08/2026;25/08/2026;1;            ;     ;BNRV TRANSPORTE DE CARGAS LTDA;BNRV TRANSPORTE DE CARGAS LTDA;C.;BNRV TRANSPORTE DE CARGAS LTDA;RECIFE;PE;512;0,01;0,01;500;9;2700;0;50;80;MERCADORIA RECEBIDA PARA TRANSPORTE;14/08/2026;;;29260830621082000233570030001255591001455946 ;0,01;
REC;SSA130159-4; N;01/10/2026;13/10/2026;1162270;1848426COND ;     ;PIETROBON E CIA. LTDA.;PIETROBON E CIA. LTDA.;B.;B S FARIAS BOMBONIERE LTDA;JABOATAO DOS GUARARAPES;PE;543;3.595,35;484,44;309;0,84;309;0;20;80;MERCADORIA RECEBIDA PARA TRANSPORTE;01/10/2026;;;29261030621082000233570030001279641001547357 ;163,49;
SBS;FS1123063-8; D;22/05/2026;03/06/2026;613842;            ;     ;ALADIM DISTRIBUIDORA DE PRODUT;CONDOR S.A.;B.;CONDOR S.A.;SAO BENTO DO SUL;SC;892;108,16;235,06;0,2;0,0058;1,74;0;1;17;INFORMATIVA;20/07/2026;;FS1000149-0;29260530621082000233570030001209561001271159 ;0,01;
SBS;SSA124947-9; N;18/06/2026;22/06/2026;575994;            ;     ;ALADIM DISTRIBUIDORA DE PRODUT;CONDOR S.A.;B.;CONDOR S.A.;SAO BENTO DO SUL;SC;892;108,16;0,01;2,34;2;600;0;1;17;INFORMATIVA;20/07/2026;;;29260630621082000233570030001228261001335600 ;0,01;
SBS;SSA129769-4; N;24/09/2026;06/10/2026;3014521;            ;     ;DPC DISTRIB ATACADISTA S/A;CONDOR S.A.;B.;CONDOR S.A.;SAO BENTO DO SUL;SC;892;344,13;0,01;5,804;0,1;30;0;3;80;MERCADORIA RECEBIDA PARA TRANSPORTE;24/09/2026;;;29260930621082000233570030001275901001531882 ;0,01;
SSA;FSA011682-3; N;14/09/2026;20/10/2026;22254;4000024061;     ;MARILAN ALIMENTOS S/A;MARILAN ALIMENTOS S/A;A.;WMS SUPERMERCADOS DO BRASIL LT;VALENCA;BA;VAL;29.941,58;5.231,90;1411,2;13,6;3400;0;8;15;ENTREGA AGENDADA PELO CLIENTE;21/09/2026;;;29260930621082000586570010000115191001514135 ;5.179,58;
SSA;FSA011683-1; N;14/09/2026;21/10/2026;22255;4000024061;     ;MARILAN ALIMENTOS S/A;MARILAN ALIMENTOS S/A;A.;WMS SUPERMERCADOS DO BRASIL LT;JUAZEIRO;BA;JUA;49.902,64;9.076,86;2352;22,68;5670;0;14;15;ENTREGA AGENDADA PELO CLIENTE;21/09/2026;;;29260930621082000586570010000115201001514144 ;8.986,09;
SSA;FSA011684-0; N;14/09/2026;19/10/2026;22256;4000024061;     ;MARILAN ALIMENTOS S/A;MARILAN ALIMENTOS S/A;A.;WMS SUPERMERCADOS DO BRASIL LT;SANTO ANTONIO DE JESUS;BA;STO;49.902,64;7.092,43;2352;22,68;5670;0;14;15;ENTREGA AGENDADA PELO CLIENTE;21/09/2026;;;29260930621082000586570010000115211001514150 ;7.021,51;
TXF;REC127406-6; N;28/09/2026;14/10/2026;306817;87484189;     ;PINCEIS ATLAS SA;PINCEIS ATLAS SA;A.;TF MATERIAL DE CONSTRUCAO LTDA;TEIXEIRA DE FREITAS;BA;459;2.763,31;213,88;32,6;0,17;51;13;13;83;CHEGADA EM UNIDADE;30/09/2026;;REC003097-0;26260930621082000152570020001269101001538386 ;55;
TXF;REC127409-1; N;28/09/2026;14/10/2026;306812;87483021;     ;PINCEIS ATLAS SA;PINCEIS ATLAS SA;A.;M M MENDONCA E CIA LTDA;PORTO SEGURO;BA;458;4.216,18;207,47;52,59;0,43;129;15;15;83;CHEGADA EM UNIDADE;30/09/2026;;REC003097-0;26260930621082000152570020001269051001538335 ;65;
TXF;REC127417-1; N;28/09/2026;14/10/2026;306889;87486137;     ;PINCEIS ATLAS SA;PINCEIS ATLAS SA;A.;RONALDO WILLIAME SOUZA SENA;EUNAPOLIS;BA;458;9.692,85;445,25;128,65;1,15;345;48;48;83;CHEGADA EM UNIDADE;30/09/2026;;REC003097-0;26260930621082000152570020001269131001538418 ;119,6;
TXF;REC127425-2; N;28/09/2026;14/10/2026;306902;87486972;     ;PINCEIS ATLAS SA;PINCEIS ATLAS SA;A.;AJG INDUSTRIA E COMERCIO LTDA;PORTO SEGURO;BA;458;777;503,92;4,8;0,05;15;5;5;83;CHEGADA EM UNIDADE;30/09/2026;;REC003097-0;26260930621082000152570020001269271001538553 ;65;
TXF;REC127435-0; N;28/09/2026;14/10/2026;306955;87486796;     ;PINCEIS ATLAS SA;PINCEIS ATLAS SA;A.;WIG COMERCIO DE MAT DE CONS LT;EUNAPOLIS;BA;458;4.075,45;251,22;62,91;0,61;183;24;24;83;CHEGADA EM UNIDADE;30/09/2026;;REC003097-0;26260930621082000152570020001268761001538048 ;66,32;
TXF;REC127437-6; N;28/09/2026;14/10/2026;306956;87486797;     ;PINCEIS ATLAS SA;PINCEIS ATLAS SA;A.;WIG COM DE MAT DE CONSTRUCAO L;PORTO SEGURO;BA;458;4.315,81;245,66;69,62;0,59;177;26;26;83;CHEGADA EM UNIDADE;30/09/2026;;REC003097-0;26260930621082000152570020001268781001538069 ;65;
TXF;REC127372-8; N;25/09/2026;14/10/2026;299180;22252310;     ;METALURGICA MOR SA - PE 95.422;METALURGICA MOR SA - PE 95.422;B.;JV MINIMERCADO LTDA;NOVA VICOSA;BA;459;14.047,29;2.806,16;457,024;7,8659;1966,475;0;179;83;CHEGADA EM UNIDADE;01/10/2026;;REC003101-1;26260930621082000152570020001268551001536606 ;818,05;
TXF;REC127642-5; N;30/09/2026;15/10/2026;299463;22254502;     ;METALURGICA MOR SA - PE 95.422;METALURGICA MOR SA - PE 95.422;B.;SUPERMERCADOS CASAGRANDE LTDA;TEIXEIRA DE FREITAS;BA;459;28.870,73;4.414,02;807,299;11,5397;2884,925;0;205;15;ENTREGA AGENDADA PELO CLIENTE;01/10/2026;;REC003102-0;26260930621082000152570020001271241001543416 ;915,96;
TXF;REC127657-3; N;30/09/2026;16/10/2026;299478;22254989;     ;METALURGICA MOR SA - PE 95.422;METALURGICA MOR SA - PE 95.422;B.;NORDESTE UTILIDADES LTDA;EUNAPOLIS;BA;458;1.546,14;186,19;97,295;0,5094;127,35;0;15;83;CHEGADA EM UNIDADE;01/10/2026;;REC003102-0;26260930621082000152570020001271371001543546 ;65;
TXF;REC127659-0; N;30/09/2026;16/10/2026;299480;22255005;     ;METALURGICA MOR SA - PE 95.422;METALURGICA MOR SA - PE 95.422;B.;R DE OLIVEIRA LIMA LTDA;CARAVELAS;BA;459;1.169,50;177,78;26,38;0,205;51,25;0;10;83;CHEGADA EM UNIDADE;01/10/2026;;REC003102-0;26260930621082000152570020001271391001543567 ;65;
VCA;REC127089-3; N;21/09/2026;06/10/2026;125566;            ;     ;DOCILE NORDESTE IND. E COM. DE;DOCILE NORDESTE IND. E COM. DE;B.;MOTA SOUZA COM DE ART D FESTAS;JEQUIE;BA;JEQ;3.132,38;256,57;128,428;0,72;128,428;31;31;83;CHEGADA EM UNIDADE;30/09/2026;;REC003096-1;26260930621082000152570020001265721001527539 ;77,06;
VCA;REC127169-5; N;23/09/2026;08/10/2026;   125593*;            ;     ;DOCILE NORDESTE IND. E COM. DE;DOCILE NORDESTE IND. E COM. DE;B.;MARIA CRISTINA BRITO GUIMARAES;JEQUIE;BA;JEQ;25.707,48;1.789,92;1061,579;3,28;1061,579;158;158;83;CHEGADA EM UNIDADE;30/09/2026;;REC003096-1;26260930621082000152570020001266521001530087 ;636,95;
VCA;REC127170-9; N;23/09/2026;08/10/2026;   125595*;            ;     ;DOCILE NORDESTE IND. E COM. DE;DOCILE NORDESTE IND. E COM. DE;B.;MAURI FESTA LTDA;JEQUIE;BA;JEQ;9.118,66;715,18;412,381;1,8;412,381;71;71;83;CHEGADA EM UNIDADE;30/09/2026;;REC003096-1;26260930621082000152570020001266531001530092 ;247,43;
VCA;REC127392-2; N;28/09/2026;13/10/2026;130683;87486393;     ;BETTANIN INDUSTRIAL S/A;BETTANIN INDUSTRIAL S/A;A.;MULTICOM ATACADO E VAREJO S/A;JEQUIE;BA;JEQ;10.129,31;742,4;105,68;2,07;621;42;42;15;ENTREGA AGENDADA PELO CLIENTE;01/10/2026;;REC003097-0;26260930621082000152570020001268891001538178 ;372,6;
VCA;REC127396-5; N;28/09/2026;13/10/2026;130682;87486392;     ;BETTANIN INDUSTRIAL S/A;BETTANIN INDUSTRIAL S/A;A.;MULTICOM ATACADO E VAREJO S A;VITORIA DA CONQUISTA;BA;VIT;10.701,14;789,48;134,38;2,21;663;43;43;15;ENTREGA AGENDADA PELO CLIENTE;01/10/2026;;REC003097-0;26260930621082000152570020001268931001538219 ;265,2;
VCA;REC127404-0; N;28/09/2026;14/10/2026;306785;87483250;     ;PINCEIS ATLAS SA;PINCEIS ATLAS SA;A.;TANAN MATERIAIS DE CONSTRUCAO ;GUANAMBI;BA;GUA;22.810,22;467,17;173,55;0,98;294;57;57;83;CHEGADA EM UNIDADE;30/09/2026;;REC003097-0;26260930621082000152570020001269081001538361 ;176,4;
VCA;REC127405-8; N;28/09/2026;14/10/2026;306814;87483408;     ;PINCEIS ATLAS SA;PINCEIS ATLAS SA;A.;CB CASA DO BLOCO LTDA;BRUMADO;BA;461;3.418,63;204,39;46,94;0,42;126;20;20;83;CHEGADA EM UNIDADE;30/09/2026;;REC003097-0;26260930621082000152570020001269011001538298 ;75,6;
VCA;REC127410-4; N;28/09/2026;14/10/2026;306818;87484563;     ;PINCEIS ATLAS SA;PINCEIS ATLAS SA;A.;MERCANTIL AMORIM BULHOES MAT C;POCOES;BA;VIT;5.025,57;312,52;84,34;0,79;237;22;22;83;CHEGADA EM UNIDADE;30/09/2026;;REC003097-0;26260930621082000152570020001269141001538423 ;142,2;
VCA;REC127414-7; N;28/09/2026;14/10/2026;306848;87483673;     ;PINCEIS ATLAS SA;PINCEIS ATLAS SA;A.;JBM COM DE MAT P CONSTRUCAO LT;PARAMIRIM;BA;BJL;1.121,64;205,88;5,5;0,05;15;5;5;83;CHEGADA EM UNIDADE;30/09/2026;;REC003097-0;26260930621082000152570020001269181001538465 ;45;
VCA;REC127418-0; N;28/09/2026;07/10/2026;306890;87486607;     ;PINCEIS ATLAS SA;PINCEIS ATLAS SA;A.;V S DISTRIBUIDORA LTDA;CACULE;BA;GUA;103.210,88;4.121,67;1361,89;10,57;3171;641;641;15;ENTREGA AGENDADA PELO CLIENTE;02/10/2026;;REC003097-0;26260930621082000152570020001269151001538439 ;1.902,60;
VCA;REC127420-1; N;28/09/2026;14/10/2026;306892;87486630;     ;PINCEIS ATLAS SA;PINCEIS ATLAS SA;A.;GILDASIO ASSUNCAO DONATO E CIA;GUANAMBI;BA;GUA;8.777,00;239,56;88,1;0,39;117;25;25;83;CHEGADA EM UNIDADE;30/09/2026;;REC003097-0;26260930621082000152570020001269171001538450 ;70,2;
VCA;REC127421-0; N;28/09/2026;14/10/2026;306908;87485977;     ;PINCEIS ATLAS SA;PINCEIS ATLAS SA;A.;BUSQUE AQUI COMERCIO DE MATERI;VITORIA DA CONQUISTA;BA;VIT;9.292,78;681,52;188,46;1,89;567;57;57;83;CHEGADA EM UNIDADE;30/09/2026;;REC003097-0;26260930621082000152570020001269191001538470 ;226,8;
VCA;REC127426-1; N;28/09/2026;14/10/2026;306907;87485598;     ;PINCEIS ATLAS SA;PINCEIS ATLAS SA;A.;ISAAC CONSTRUCOES LTDA ME;GUANAMBI;BA;GUA;14.457,17;342,01;132,58;0,71;213;35;35;83;CHEGADA EM UNIDADE;30/09/2026;;REC003097-0;26260930621082000152570020001269281001538569 ;127,8;
VCA;REC127427-9; N;28/09/2026;14/10/2026;306947;87485979;     ;PINCEIS ATLAS SA;PINCEIS ATLAS SA;A.;CONSTRUBRAS COM.MAT.CONST.LTDA;GUANAMBI;BA;GUA;4.180,91;222,23;66,68;0,36;108;17;17;83;CHEGADA EM UNIDADE;30/09/2026;;REC003097-0;26260930621082000152570020001269231001538511 ;64,8;
VCA;REC127430-9; N;28/09/2026;14/10/2026;306949;87486612;     ;PINCEIS ATLAS SA;PINCEIS ATLAS SA;A.;GEIZIANE COSTA SOARES;GUANAMBI;BA;GUA;5.653,87;226,31;56,83;0,28;84;14;14;83;CHEGADA EM UNIDADE;30/09/2026;;REC003097-0;26260930621082000152570020001269301001538583 ;50,4;
VCA;REC127432-5; N;28/09/2026;14/10/2026;306951;87486639;     ;PINCEIS ATLAS SA;PINCEIS ATLAS SA;A.;DARLAN MEIRA LARANJEIRA;POCOES;BA;VIT;1.430,70;194,95;29,63;0,29;87;10;10;83;CHEGADA EM UNIDADE;30/09/2026;;REC003097-0;26260930621082000152570020001268721001538006 ;52,2;
VCA;REC127434-1; N;28/09/2026;14/10/2026;306953;87486649;     ;PINCEIS ATLAS SA;PINCEIS ATLAS SA;A.;ELDA MATERIAIS DE CONSTRUCOES ;SANTA MARIA DA VITORIA;BA;BJL;4.129,59;221,55;51,68;0,33;99;18;18;83;CHEGADA EM UNIDADE;30/09/2026;;REC003097-0;26260930621082000152570020001268741001538027 ;59,4;
VCA;REC127438-4; N;28/09/2026;14/10/2026;306957;87486811;     ;PINCEIS ATLAS SA;PINCEIS ATLAS SA;A.;ABRANTES COM DE MATERIAIS DE C;GUANAMBI;BA;GUA;4.063,15;221,64;52,98;0,35;105;16;16;83;CHEGADA EM UNIDADE;30/09/2026;;REC003097-0;26260930621082000152570020001268791001538074 ;63;
VCA;REC127442-2; N;28/09/2026;14/10/2026;306960;87487098;     ;PINCEIS ATLAS SA;PINCEIS ATLAS SA;A.;VITORIA COMERCIO DE TINTAS LTD;VITORIA DA CONQUISTA;BA;VIT;5.437,84;210,94;54,53;0,37;111;23;23;83;CHEGADA EM UNIDADE;30/09/2026;;REC003097-0;26260930621082000152570020001268841001538120 ;44,4;
VCA;REC127447-3; N;28/09/2026;14/10/2026;306982;87489804;     ;PINCEIS ATLAS SA;PINCEIS ATLAS SA;A.;VITORIA COMERCIO DE TINTAS LTD;VITORIA DA CONQUISTA;BA;VIT;19.341,31;654,03;229,64;1,69;507;103;103;83;CHEGADA EM UNIDADE;30/09/2026;;REC003097-0;26260930621082000152570020001268901001538187 ;202,8;
VCA;REC127088-5; N;21/09/2026;05/10/2026;   125564*;            ;     ;DOCILE NORDESTE IND. E COM. DE;DOCILE NORDESTE IND. E COM. DE;B.;INBAHIA REPRESENTACOES E DISTR;JEQUIE;BA;JEQ;133.229,51;8.230,08;4900,278;23,21;4900,278;2.174;2.174;15;ENTREGA AGENDADA PELO CLIENTE;01/10/2026;;REC003098-8;26260930621082000152570020001265711001527523 ;2.940,17;
VCA;REC127636-1; N;30/09/2026;07/10/2026;39802;40320;     ;BBF DISTRIBUIDORA NE LTDA;BBF DISTRIBUIDORA NE LTDA;B.;V S DISTRIBUIDORA LTDA;CACULE;BA;GUA;1.927,36;455,69;36,203;0,1299;36,203;0;5;15;ENTREGA AGENDADA PELO CLIENTE;02/10/2026;;REC003102-0;26260930621082000152570020001271181001543354 ;145;
VCA;REC127647-6; N;30/09/2026;07/10/2026;299468;22254559;     ;METALURGICA MOR SA - PE 95.422;METALURGICA MOR SA - PE 95.422;B.;V S DISTRIBUIDORA LTDA;CACULE;BA;GUA;20.996,13;3.567,66;592,587;9,1891;2297,275;0;118;15;ENTREGA AGENDADA PELO CLIENTE;02/10/2026;;REC003102-0;26260930621082000152570020001271271001543442 ;1.478,37;
VCA;REC127649-2; N;30/09/2026;16/10/2026;299470;22254880;     ;METALURGICA MOR SA - PE 95.422;METALURGICA MOR SA - PE 95.422;B.;SUPERMERCADOS BH COM DE ALIMEN;GUANAMBI;BA;GUA;11.458,72;1.101,08;320,759;2,9871;746,775;0;51;83;CHEGADA EM UNIDADE;01/10/2026;;REC003102-0;26260930621082000152570020001271291001543463 ;448,07;
VCA;REC127650-6; N;30/09/2026;16/10/2026;299471;22254882;     ;METALURGICA MOR SA - PE 95.422;METALURGICA MOR SA - PE 95.422;B.;SUPERMERCADOS BH COM DE ALIMEN;VITORIA DA CONQUISTA;BA;VIT;7.523,91;667,66;230,043;1,9682;492,05;0;36;83;CHEGADA EM UNIDADE;01/10/2026;;REC003102-0;26260930621082000152570020001271321001543493 ;196,82;
VCA;REC127656-5; N;30/09/2026;19/10/2026;299477;22254988;     ;METALURGICA MOR SA - PE 95.422;METALURGICA MOR SA - PE 95.422;B.;ITAPETINGA UTILIDADES DO LAR E;ITAPETINGA;BA;457;2.052,48;172,15;33,49;0,2491;62,275;0;11;83;CHEGADA EM UNIDADE;01/10/2026;;REC003102-0;26260930621082000152570020001271401001543576 ;45;
VCA;SSA129592-6; N;21/09/2026;08/10/2026;2564;            ;     ;COOPERATIVA CENTRAL GAUCHA LTD;COOPERATIVA CENTRAL GAUCHA LTD;A.;SENDAS DISTRIBUIDORA 159;GUANAMBI;BA;GUA;115.475,25;5.840,14;5194,989;0;5194,989;0;9;15;ENTREGA AGENDADA PELO CLIENTE;30/09/2026;;;29260930621082000233570030001274191001525229 ;3.116,99;
VCA;SSA130122-5; N;01/10/2026;14/10/2026;119305;            ;     ;CONDOR PINCEIS FILIAL SBS;CONDOR PINCEIS FILIAL SBS;B3;CARLEN MENDES ALVES GOMES ME;CONDEUBA;BA;GUA;40,87;171,13;0,64;0;0,64;1;1;80;MERCADORIA RECEBIDA PARA TRANSPORTE;01/10/2026;;;29261030621082000233570030001279301001546484 ;45;
