0;ACEVILLE TRANSPORTES LTDA;DEMONSTRATIVO DE FRETES DE COLETA/ENTREGA REALIZADA - RESUMO;PERIODO: 18/08/26 A 28/08/26;;;;;;;;;;;;;;;;;;;;;;;
1;UNIDADE;TIPO;PLACA;DIARIAS QTD;COLETA QTD;COLETA CLIENTE;ENTREGA QTD;ENTREGA CLIENTE;PESO KG;VOLUME QTD;VLR MERCAD;FRETE R$;BASE CALC R$;KM RODADO;REMU/DIA;REMU/KM;REMU/EVE;REMU/EVE_P;REMU/KG;REMU/FRT;REMU/1RO;REMU/2RO;REMU/OCORR;REMU/AJU;REMUNVEIC R$;REMUNVEIC % FRETE
2;JVE;AGREGADO;FMY7G00;8;0;0;131;127;        7966,64;545;      508485,44;       15294,37;       15294,37;           0,00;        3920,00;           0,00;           0,00;           0,00;           0,00;           0,00;           0,00;           0,00;           0,00;           0,00;        3920,00;          25,63;
2;JVE;AGREGADO;IGR7A59;7;0;0;61;32;       10651,36;284;      526946,74;       10504,78;       10504,78;           0,00;        2800,00;           0,00;           0,00;           0,00;           0,00;           0,00;           0,00;           0,00;           0,00;           0,00;        2800,00;          26,65;
2;JVE;AGREGADO;IVE6G74;7;0;0;125;117;       10653,41;594;      393813,78;       17779,73;       17779,73;           0,00;        3150,00;           0,00;           0,00;           0,00;           0,00;           0,00;           0,00;           0,00;           0,00;           0,00;        3150,00;          17,72;
2;JVE;AGREGADO;MGU0D47;4;0;0;29;28;        2430,83;230;       94905,86;        3865,52;        3865,52;           0,00;        1000,00;           0,00;           0,00;           0,00;           0,00;           0,00;           0,00;           0,00;           0,00;           0,00;        1000,00;          25,87;
2;JVE;FROTA;ATG1132;8;191;9;27;25;       39827,64;3564;     2043661,06;       56023,79;       56023,79;           0,00;        3736,00;           0,00;           0,00;           0,00;           0,00;           0,00;           0,00;           0,00;           0,00;           0,00;        3736,00;           6,67;
2;JVE;FROTA;ATG1B32;6;28;12;0;0;        5189,12;135;      159753,26;        6902,85;        6902,85;           0,00;           0,00;           0,00;           0,00;           0,00;           0,00;           0,00;           0,00;           0,00;           0,00;           0,00;           0,00;           0,00;
2;JVE;FROTA;IRJ8J40;8;181;55;106;98;       40665,84;2158;     1483341,97;       56582,92;       56582,92;           0,00;           0,00;           0,00;           0,00;           0,00;           0,00;           0,00;           0,00;           0,00;           0,00;           0,00;           0,00;           0,00;
2;JVE;FROTA;JVE1111;9;198;133;0;0;      141652,41;1177;     3617578,27;       74013,18;       74013,18;           0,00;           0,00;           0,00;           0,00;           0,00;           0,00;           0,00;           0,00;           0,00;           0,00;           0,00;           0,00;           0,00;
2;JVE;FROTA;MCM2A35;8;188;8;0;0;       61188,51;5146;     1490534,37;       55927,47;       55927,47;           0,00;           0,00;           0,00;           0,00;           0,00;           0,00;           0,00;           0,00;           0,00;           0,00;           0,00;           0,00;           0,00;
2;JVE;FROTA;MDM7G16;3;3;2;16;15;        4462,05;50;      141810,58;        5228,83;        5228,83;           0,00;           0,00;           0,00;           0,00;           0,00;           0,00;           0,00;           0,00;           0,00;           0,00;           0,00;           0,00;           0,00;
2;JVE;FROTA;MFA0J44;1;3;1;4;4;        1159,09;58;       52131,82;        2180,34;        2180,34;           0,00;           0,00;           0,00;           0,00;           0,00;           0,00;           0,00;           0,00;           0,00;           0,00;           0,00;           0,00;           0,00;
2;JVE;FROTA;MFJ6972;5;1;1;25;23;        6617,87;158;      119823,68;        5483,39;        5483,39;           0,00;           0,00;           0,00;           0,00;           0,00;           0,00;           0,00;           0,00;           0,00;           0,00;           0,00;           0,00;           0,00;
2;JVE;FROTA;MFJ6J72;5;431;13;0;0;       15078,19;1372;      855080,02;       35123,05;       35123,05;           0,00;           0,00;           0,00;           0,00;           0,00;           0,00;           0,00;           0,00;           0,00;           0,00;           0,00;           0,00;           0,00;
2;JVE;FROTA;MFU2G98;3;0;0;19;17;       12968,98;172;      191275,00;        9873,22;        9873,22;           0,00;           0,00;           0,00;           0,00;           0,00;           0,00;           0,00;           0,00;           0,00;           0,00;           0,00;           0,00;           0,00;
2;JVE;FROTA;MIF6F16;7;27;18;49;34;       35253,10;381;      584277,13;       26866,23;       26866,23;           0,00;           0,00;           0,00;           0,00;           0,00;           0,00;           0,00;           0,00;           0,00;           0,00;           0,00;           0,00;           0,00;
2;JVE;FROTA;MKC4G24;1;0;0;1;1;        3689,34;4;       15067,61;        1525,00;        1525,00;           0,00;           0,00;           0,00;           0,00;           0,00;           0,00;           0,00;           0,00;           0,00;           0,00;           0,00;           0,00;           0,00;
2;JVE;FROTA;MKO2172;1;0;0;3;3;          74,00;15;        2941,76;         283,53;         283,53;           0,00;           0,00;           0,00;           0,00;           0,00;           0,00;           0,00;           0,00;           0,00;           0,00;           0,00;           0,00;           0,00;
2;JVE;FROTA;MKO2B72;2;69;2;0;0;       13174,80;209;      365205,26;       19782,35;       19782,35;           0,00;           0,00;           0,00;           0,00;           0,00;           0,00;           0,00;           0,00;           0,00;           0,00;           0,00;           0,00;           0,00;
2;JVE;FROTA;MLH8I61;7;17;11;52;39;       24320,24;234;      733197,67;       30755,19;       30755,19;           0,00;           0,00;           0,00;           0,00;           0,00;           0,00;           0,00;           0,00;           0,00;           0,00;           0,00;           0,00;           0,00;
2;JVE;FROTA;MLY1H65;8;61;30;114;99;       60476,89;2272;     1639074,99;       54989,66;       54989,66;           0,00;           0,00;           0,00;           0,00;           0,00;           0,00;           0,00;           0,00;           0,00;           0,00;           0,00;           0,00;           0,00;
2;JVE;FROTA;MME8D57;1;1;1;0;0;       12006,00;3083;      359371,00;        8570,64;        8570,64;           0,00;           0,00;           0,00;           0,00;           0,00;           0,00;           0,00;           0,00;           0,00;           0,00;           0,00;           0,00;           0,00;
2;JVE;FROTA;QHG4A17;8;0;0;52;27;       38042,82;672;      865228,23;       27306,42;       27306,42;           0,00;           0,00;           0,00;           0,00;           0,00;           0,00;           0,00;           0,00;           0,00;           0,00;           0,00;           0,00;           0,00;
2;JVE;FROTA;QJC2J29;1;6;1;0;0;         831,20;95;       14892,33;         780,18;         780,18;           0,00;           0,00;           0,00;           0,00;           0,00;           0,00;           0,00;           0,00;           0,00;           0,00;           0,00;           0,00;           0,00;
2;JVE;FROTA;QNG2A36;3;1;1;13;13;         583,06;79;       44049,55;        1569,99;        1569,99;           0,00;           0,00;           0,00;           0,00;           0,00;           0,00;           0,00;           0,00;           0,00;           0,00;           0,00;           0,00;           0,00;
2;JVE;FROTA;RAG4046;8;15;13;58;55;       24620,34;210;      616195,11;       30158,43;       30158,43;           0,00;           0,00;           0,00;           0,00;           0,00;           0,00;           0,00;           0,00;           0,00;           0,00;           0,00;           0,00;           0,00;
2;JVE;FROTA;RDS7H48;8;101;42;158;139;       31023,39;1393;     1006994,41;       45668,95;       45668,95;           0,00;           0,00;           0,00;           0,00;           0,00;           0,00;           0,00;           0,00;           0,00;           0,00;           0,00;           0,00;           0,00;
2;JVE;FROTA;RDU5H28;3;163;9;0;0;       29778,16;6684;     1060577,59;       23140,36;       23140,36;           0,00;           0,00;           0,00;           0,00;           0,00;           0,00;           0,00;           0,00;           0,00;           0,00;           0,00;           0,00;           0,00;
2;JVE;FROTA;RDW9G69;8;21;16;139;126;       28067,00;780;      986267,85;       30670,23;       30670,23;           0,00;           0,00;           0,00;           0,00;           0,00;           0,00;           0,00;           0,00;           0,00;           0,00;           0,00;           0,00;           0,00;
2;JVE;FROTA;RKW3C77;8;13;13;114;108;       16229,42;1076;      576060,40;       21959,83;       21959,83;           0,00;           0,00;           0,00;           0,00;           0,00;           0,00;           0,00;           0,00;           0,00;           0,00;           0,00;           0,00;           0,00;
2;JVE;FROTA;RLB6I37;8;31;20;139;128;       23451,04;1073;      590285,64;       28917,11;       28917,11;           0,00;           0,00;           0,00;           0,00;           0,00;           0,00;           0,00;           0,00;           0,00;           0,00;           0,00;           0,00;           0,00;
2;JVE;FROTA;RLH7J98;8;40;30;154;134;       37696,64;1029;      976889,91;       47320,89;       47320,89;           0,00;           0,00;           0,00;           0,00;           0,00;           0,00;           0,00;           0,00;           0,00;           0,00;           0,00;           0,00;           0,00;
2;JVE;FROTA;RXK6G14;8;26;15;200;185;       20267,74;1495;      759540,78;       31615,32;       31615,32;           0,00;           0,00;           0,00;           0,00;           0,00;           0,00;           0,00;           0,00;           0,00;           0,00;           0,00;           0,00;           0,00;
2;JVE;FROTA;RXW1H93;4;10;6;60;54;       10000,17;490;      333923,31;       13278,05;       13278,05;           0,00;           0,00;           0,00;           0,00;           0,00;           0,00;           0,00;           0,00;           0,00;           0,00;           0,00;           0,00;           0,00;
2;JVE;FROTA;RXY5F66;6;384;26;3;2;       38083,32;2801;     1385133,65;       40570,57;       40570,57;           0,00;           0,00;           0,00;           0,00;           0,00;           0,00;           0,00;           0,00;           0,00;           0,00;           0,00;           0,00;           0,00;
2;JVE;FROTA;RYM1G24;1;1;1;0;0;        5161,90;18;      222805,38;        5350,08;        5350,08;           0,00;           0,00;           0,00;           0,00;           0,00;           0,00;           0,00;           0,00;           0,00;           0,00;           0,00;           0,00;           0,00;
2;JVE;FROTA;SXI7A10;4;156;3;24;11;       11944,99;751;      641161,94;       18365,61;       18365,61;           0,00;           0,00;           0,00;           0,00;           0,00;           0,00;           0,00;           0,00;           0,00;           0,00;           0,00;           0,00;           0,00;
2;JVE;FROTA;SXI7F20;8;114;80;143;117;       57658,78;1638;     2310053,59;       72277,51;       72277,51;           0,00;           0,00;           0,00;           0,00;           0,00;           0,00;           0,00;           0,00;           0,00;           0,00;           0,00;           0,00;           0,00;
2;JVE;FROTA;SXO2B31;1;1;1;0;0;       26087,00;34;      556408,34;        8000,00;        8000,00;           0,00;           0,00;           0,00;           0,00;           0,00;           0,00;           0,00;           0,00;           0,00;           0,00;           0,00;           0,00;           0,00;
2;JVE;FROTA;TPI6C18;8;97;35;78;53;       38957,38;3049;      927601,17;       50886,08;       50886,08;           0,00;           0,00;           0,00;           0,00;           0,00;           0,00;           0,00;           0,00;           0,00;           0,00;           0,00;           0,00;           0,00;
2;JVE;FROTA;TPX7E82;8;288;26;10;10;       61647,19;6281;     2080123,47;       60119,74;       60119,74;           0,00;           0,00;           0,00;           0,00;           0,00;           0,00;           0,00;           0,00;           0,00;           0,00;           0,00;           0,00;           0,00;
2;JVE;FROTA;TQE4D24;7;22;11;123;117;       25440,87;1175;      649475,64;       28302,36;       28302,36;           0,00;           0,00;           0,00;           0,00;           0,00;           0,00;           0,00;           0,00;           0,00;           0,00;           0,00;           0,00;           0,00;
9;;;;;;;;;;;;;;;;;;;;;;;;;;
