nome              ;unidades          ;km_ida            ;km_volta          ;nro_linha         ;sigla_emit        ;sigla_dest        ;carrega_seg       ;carrega_ter       ;carrega_qua       ;carrega_qui       ;carrega_sex       ;carrega_sab       ;carrega_dom       ;vlr_min_frete     ;multi_carr_diario
SÃO PAULO X SINOP - SEGUNDA FEIRA;RON;2012;0;120;SAO;SIN;t;f;f;f;f;f;f;45000;f
SÃO PAULO X BRASILIA -  ITINERANTE;UDI;1148;0;24;SAO;BSB;f;t;t;f;f;t;f;30000;f
SÃO PAULO X JI PARANÁ -  ITINERANTE;RON;2627;0;2;SAO;JPR;f;f;t;f;f;t;f;57500;f
SÃO PAULO X PONTES E LACERDA - DIRETO;;1976;0;37;SAO;PLC;f;f;f;f;f;f;f;50000;f
SÃO PAULO X CAMPO GRANDE - DIRETO;;984;0;47;SAO;CGD;t;f;f;f;f;f;f;25000;f
SÃO PAULO X BRASÍLIA - DIRETO;;1007;0;51;SAO;BSB;f;t;t;t;t;t;f;42500;f
RONDONOPOLIS X CACERES - DIRETO;;435;0;84;RON;CAC;t;t;t;t;t;t;t;20000;f
RONDONOPOLIS X CAMPO NOVO PARECIS;CBA,TGA;617;0;85;RON;CNP;t;t;t;t;t;t;t;16000;f
RONDONOPOLIS X CAMPO NOVO DO PARECIS - DIRETO;;617;0;86;RON;CNP;t;t;t;t;t;t;t;16000;f
RONDONOPOLIS X TANGARÁ - ITINERANTE;CBA;467;0;87;RON;TGA;t;t;t;t;t;t;t;14000;f
RONDONOPOLIS X TANGARÁ - DIRETO;;467;0;88;RON;TGA;t;t;t;t;t;t;t;14000;f
RONDONOPOLIS X GOIÃNIA - DIRETO;;717;0;90;RON;GYN;t;t;t;t;t;t;t;12000;f
RONDONOPOLIS X GOIÂNIA - ITINERANTE;PVA,BDG;790;0;89;RON;GYN;t;t;t;t;t;t;t;12000;f
RONDONOPOLIS X BARRA DO GARÇAS - ITINERANTE;PVA;407;0;91;RON;BDG;t;t;t;t;t;t;t;10000;f
RONDONOPOLIS X BARRA DO GARÇAS - DIRETO;;406;0;92;RON;BDG;t;t;t;t;t;t;t;10000;f
RONDONOPOLIS X PRIMAVERA DO LESTE;;129;0;93;RON;PVA;t;t;t;t;t;t;t;10000;f
SÃO PAULO X BARRA DO GARÇAS - SEGUNDA FEIRA;ITB,RVD;1245;0;119;SAO;BDG;t;f;f;f;f;f;f;32500;f
SÕ PAULO X TRES LAGOAS -  ITINERANTE;;666;0;22;SAO;TLG;f;f;f;f;f;f;f;17500;f
SÃO PAULO X PRIMAVERA DO LESTE - DIRETO;;1448;0;45;SAO;PVA;f;f;f;f;f;f;f;32500;f
SÃO PAULO X BARRA DO GARÇAS -  ITINERANTE;JTI;1640;0;17;SAO;BDG;f;t;t;t;t;t;f;27500;f
SÃO PAULO X CAMPO GRANDE -  ITINERANTE;TLG,DRD;1354;0;20;SAO;CGD;f;t;t;f;t;t;f;27500;f
SUMARÉ X DOURADOS - DIRETO;;963;0;104;CAM;DRD;t;t;t;t;t;t;t;25000;f
SÃO PAULO DOURADOS -  ITINERANTE;CGD;1354;0;21;SAO;DRD;f;f;f;t;f;f;f;27500;f
SÃO PAULO X COLIDER - DIRETO;;2127;0;46;SAO;COL;f;f;f;f;f;f;f;50000;f
SÃO PAULO X GOIÂNIA -  ITINERANTE;UDI;1044;0;26;SAO;GYN;f;f;f;f;t;f;f;27500;f
SÃO PAULO X CNP - DIRETO;;1932;0;36;SAO;CNP;f;f;f;f;f;f;f;42500;f
SÃO PAULO X ANAPOLIS - DIRETO;;966;0;52;SAO;ANP;f;f;f;f;f;f;f;27500;f
RONDONOPOLIS X ALTA FLORESTA - ITINERANTE;CBA,NVM,LVR,SOR,SIN,COL;1006;0;76;RON;ALT;t;t;t;t;t;t;t;21000;f
RONDONOPOLIS X SINOP - ITINERANTE;CBA,NVM,LVR,SOR;695;0;77;RON;SIN;t;t;t;t;t;t;t;17500;f
RONDONOPOLIS X SINOP - DIRETO;;695;0;78;RON;SIN;t;t;t;t;t;t;t;17500;f
RONDONOPOLIS X JI PARANÁ - ITINERANTE;CBA,CAC,PLC;1308;0;79;RON;JPR;t;t;t;t;t;t;t;21000;f
RONDONOPOLIS X JI PARANÁ - DIRETO;;1303;0;80;RON;JPR;t;t;t;t;t;t;t;21000;f
SUMARÉ X DOURADOS - ITINERANTE;CGD;1153;0;105;CAM;DRD;t;t;t;t;t;t;t;27500;f
SUMARÉ X GOIÂNIA - DIRETO;;807;0;106;CAM;GYN;t;t;t;t;t;t;t;25000;f
SUMARÉ X GOIÂNIA - ITINERANTE;ITB,UDI;826;0;107;CAM;GYN;t;t;t;t;t;t;t;27500;f
SUMARÉ X BRASÍLIA - ITINERANTE;GYN,ITB,UDI;1035;0;109;CAM;BSB;t;t;t;t;t;t;t;30000;f
TRÊS LAGOAS X GOIÂNIA - DIRETO;;657;0;110;TLG;GYN;t;t;t;t;t;t;t;22500;f
TRÊS LAGOAS X GOIÂNIA - ITINERANTE;CGD;1166;0;111;TLG;GYN;t;t;t;t;t;t;t;22500;f
TRÊS LAGOAS X BRASÍLIA - DIRETO;;865;0;112;TLG;BSB;t;t;t;t;t;t;t;25000;f
TRÊS LAGOAS X BRASÍLIA - ITINERANTE;GYN;865;0;113;TLG;BSB;t;t;t;t;t;t;t;25000;f
CURITIBA X SÃO PAULO - DIRETO;;416;0;114;CWB;SAO;t;t;t;t;t;t;t;15000;f
CURITIBA X RONDONÓPOLIS - DIRETO;;1457;0;115;CWB;RON;t;t;t;t;t;t;t;30000;f
CURITIBA X RONDONÓPOLIS - ITINERANTE;CGD;1465;0;116;CWB;RON;t;t;t;t;t;t;t;30000;f
CURITIBA X CAMPO GRANDE - DIRETO;;974;0;117;CWB;CGD;t;t;t;t;t;t;t;25000;f
CURITIBA X CAMPO GRANDE - ITINERANTE;SAO;1404;0;118;CWB;CGD;t;t;t;t;t;t;t;25000;f
SÃO PAULO X CACERES - DIRETO;;1751;0;38;SAO;CAC;f;f;f;f;f;f;f;47500;f
SÃO PAULO X LUCAS DO RIO VERDE - DIRETO;;1864;0;40;SAO;LVR;f;f;f;f;f;f;f;42500;f
SÃO PAULO X RONDONOPOLIS -  ITINERANTE;RVD,JTI,MIN,CGD;1397;0;4;SAO;RON;f;f;f;f;f;f;f;32500;f
GOIÂNIA X RIBEIRÃO PRETO - ITINERANTE;ITB,UDI;619;0;64;GYN;RAO;t;t;t;t;t;t;t;13750;f
SÃO PAULO X ALTA FLORESTA - DIRETO;;2286;0;43;SAO;ALT;f;f;f;f;f;f;f;52500;f
RONDONOPOLIS X PONTES LARCERDA - ITINERANTE;CBA,CAC;662;0;81;RON;PLC;t;t;t;t;t;t;t;20000;f
RONDONOPOLIS X SÃO PAULO - ITINERANTE;CGD;1477;0;94;RON;SAO;t;t;t;t;t;t;t;10000;f
RONDONOPOLIS X SÃO PAULO - DIRETO;;1319;0;95;RON;SAO;t;t;t;t;t;t;t;22500;f
SUMARÉ X SINOP - DIRETO;;1877;0;96;CAM;SIN;t;t;t;t;t;t;t;45000;f
SUMARÉ X SINOP - ITINERANTE;RON;1877;0;97;CAM;SIN;t;t;t;t;t;t;t;45000;f
SUMARÉ X BRASÍLIA - DIRETO;;899;0;108;CAM;BSB;t;t;t;t;t;t;t;27500;f
SUMARÉ X CUIABÁ - DIRETO;;1434;0;98;CAM;CBA;t;t;t;t;t;t;t;35000;f
SUMARÉ X CUIABÁ - ITINERANTE;RON;1434;0;99;CAM;CBA;t;t;t;t;t;t;t;35000;f
SUMARÉ X RONDONÓPOLIS - DIRETO;;1221;0;100;CAM;RON;t;t;t;t;t;t;t;32500;f
SÃO PAULO X CNP -  ITINERANTE;TGA,RON;1990;0;9;SAO;CNP;f;f;t;f;f;t;f;42500;f
SÃO PAULO X NOVA MUTUM - DIRETO;;1771;0;42;SAO;NVM;f;f;f;f;f;f;f;40000;f
SUMARÉ X RONDONÓPOLIS - ITINERANTE;CGD;1405;0;101;CAM;RON;t;t;t;t;t;t;t;32500;f
SÃO PAULO X BARRA DO GARÇAS;;1254;0;44;SAO;BDG;f;f;f;f;f;f;f;27500;f
SÃO PAULO X CACERES - ITINERANTE;CGD,RON,CBA;1911;0;10;SAO;CAC;f;f;f;f;f;f;f;47500;f
SÃO PAULO X ALTA FLORESTA -  ITINERANTE;SIN,RON;2344;0;16;SAO;ALT;f;t;f;t;f;f;f;55000;f
SUMARÉ X CAMPO GRANDE - DIRETO;;914;0;102;CAM;CGD;t;t;t;t;t;t;t;25000;f
SUMARÉ X CAMPO GRANDE - ITINERANTE;DRD;1189;0;103;CAM;CGD;t;t;t;t;t;t;t;27500;f
SÃO PAULO X SIN -  ITINERANTE;RON;2025;0;12;SAO;SIN;f;f;t;f;t;t;f;45000;f
SÃO PAULO X BELO HORIZONTE - ITINERANTE;JDF,MOC,GVR,STG,TFL,GNH,MNH,OUP,JMO;589;0;59;SAO;BH2;t;t;t;t;t;t;f;17500;f
SÃO PAULO X SINOP - DIRETO;;1975;0;39;SAO;SIN;f;f;f;f;f;f;f;45000;f
SÃO PAULO X PALMAS - DIRETO;;1813;0;50;SAO;PMW;f;f;f;f;f;f;f;45000;f
CAMPO GRANDE X DOURADOS - DIRETO;;251;0;73;CGD;DRD;t;t;t;t;t;t;t;7500;f
SÃO PAULO X JI PARANÁ - DIRETO;;2619;0;32;SAO;JPR;f;f;f;f;f;f;f;57500;f
SÃO PAULO X SORRISO - DIRETO;;1892;0;41;SAO;SOR;f;f;f;f;f;f;f;50000;f
SÃO PAULO X GOIANIA - DIRETO;;905;0;53;SAO;GYN;t;t;t;t;t;t;f;20000;f
SÃO PAULO X CUIABÁ - DIRETO;;1531;0;34;SAO;CBA;t;t;t;t;t;t;f;35000;f
GOIANIA X  RONDONOPOLIS - ITINERANTE;RVD,JTI,MIN,BDG;800;0;1;GYN;RON;t;t;t;t;t;t;t;27500;f
SÃO PAULO X COLIDER -  ITINERANTE;RON,CBA,NVM,LVR,SOR,SIN;2183;0;19;SAO;COL;f;f;f;f;f;f;f;50000;f
SÃO PAULO X PALMAS -  ITINERANTE;GYN;1992;0;23;SAO;PMW;f;t;f;t;f;t;f;45000;f
SÃO PAULO X MINEIROS -  ITINERANTE;UDI,ITB,RVD,JTI;1123;0;27;SAO;MIN;f;f;f;f;f;f;f;22500;f
SÃO PAULO X JATAÍ -  ITINERANTE;UDI,ITB,RVD;1014;0;28;SAO;JTI;f;f;f;f;f;f;f;25000;f
SÃO PAULO X RIO VERDE -  ITINERANTE;ITB;922;0;29;SAO;RVD;f;t;t;t;t;t;f;27500;f
SÃO PAULO X ITUMBIARA -  ITINERANTE;UDI;723;0;30;SAO;ITB;f;f;f;f;f;f;f;17500;f
SÃO PAULO X UBERLÂNDIA - DIRETO;;589;0;31;SAO;UDI;f;f;f;f;f;f;f;15000;f
SÃO PAULO X RONDONOPOLIS - DIRETO;;1318;0;33;SAO;RON;f;f;f;f;f;f;f;32500;f
SÃO PAULO X TANGARÁ DA SERRA - DIRETO;;1774;0;35;SAO;TGA;f;f;f;f;f;f;f;37500;f
SÃO PAULO X DOURADOS;;1001;0;48;SAO;DRD;f;f;f;f;f;f;f;25000;f
SÃO PAULO X TRÊS LAGOAS;;668;0;49;SAO;TLG;f;f;f;f;f;f;f;17500;f
SÃO PAULO X MINEIROS - DIRETO;;1077;0;54;SAO;MIN;f;f;f;f;f;f;f;22500;f
GOIÂNIA X RONDONOPOLIS - DIRETO;;718;0;61;GYN;RON;t;t;t;t;t;t;t;32500;f
SÃO PAULO X JATAÍ - DIRETO;;956;0;55;SAO;JTI;f;f;f;f;f;f;f;25000;f
CAMPO GRANDE X RONDONOPOLIS;;492;0;72;CGD;RON;t;t;t;t;t;t;t;10000;f
GOIÂNIA X PALMAS - DIRETO;;825;0;63;GYN;PMW;t;t;t;t;t;t;t;22500;f
GOIÂNIA X PALMAS - ITINERANTE;GRP;825;0;62;GYN;PMW;t;t;t;t;t;t;t;25000;f
SÃO PAULO X BRASÍLIA - SEGUNDA FEIRA;UDI;1005;0;121;SAO;BSB;t;f;f;f;f;f;f;30000;f
SÃO PAULO X SORRISO -  ITINERANTE;LVR,NVM;1938;0;14;SAO;SOR;f;t;f;t;f;t;f;45000;f
SÃO PAULO X ITUMBIARA - DIRETO;;700;0;57;SAO;ITB;f;f;f;f;f;f;f;17500;f
GOIÂNIA X SÃO PAULO - ITINERANTE;ITB,UDI,RAO;936;0;65;GYN;SAO;t;t;t;t;t;t;t;17500;f
GOIÂNIA X CAMPO GRANDE - ITINERANTE;RVD,JTI;847;0;66;GYN;CGD;t;t;t;t;t;t;t;25000;f
SÃO PAULO X CUIABÁ -  ITINERANTE;MIN;1613;0;6;SAO;CBA;f;t;f;f;f;t;f;35000;f
SÃO PAULO X TANGARÁ -  ITINERANTE;JTI,MIN,RON,CBA,CGD;1828;0;7;SAO;TGA;f;f;f;f;f;f;f;37500;f
SÃO PAULO X LUCAS DO RIO VERDE -  ITINERANTE;RON,CBA,NVM;1871;0;13;SAO;LVR;f;f;f;f;f;f;f;42500;f
SÃO PAULO X UBERLÂNDIA - DIRETO;;590;0;58;SAO;UDI;f;f;f;f;f;f;f;15000;f
GOIÂNIA  X CAMPO GRANDE - DIRETO;;841;0;67;GYN;CGD;t;t;t;t;t;t;t;25000;f
GOIÂNIA X DOURADOS - ITINERANTE;RVD,JTI,CGD;1072;0;68;GYN;DRD;t;t;t;t;t;t;t;25000;f
GOIÂNIA X DOURADOS - DIRETO;;1064;0;69;GYN;DRD;t;t;t;t;t;t;t;25000;f
CAMPO GRANDE X GOIÂNIA - ITINERANTE;TLG,MIN,JTI,RVD;1260;0;70;CGD;GYN;t;t;t;t;t;t;t;22500;f
SÃO PAULO X NOVA MUTUM -  ITINERANTE;RON,CBA;1775;0;15;SAO;NVM;f;f;f;f;f;f;f;40000;f
SÃO PAULO X PRIMAVERA DO LESTE -  ITINERANTE;RON;1932;0;18;SAO;PVA;f;f;t;f;f;t;f;32500;f
SÃO PAULO X BELO HORIZONTE - DIRETO;;589;0;60;SAO;BHZ;f;f;f;f;f;f;f;17500;f
CAMPO GRANDE X GOIÂNIA - DIRETO;;973;0;71;CGD;GYN;t;t;t;t;t;t;t;22500;f
DOURADOS X CAMPO GRANDE - DIRETO;;251;0;74;DRD;CGD;t;t;t;t;t;t;t;7500;f
CAMPO GRANDE X SÃO PAULO;;984;0;75;CGD;SAO;t;t;t;t;t;t;t;17500;f
RONDONOPOLIS X PONTES LACERDA - DIRETO;;662;0;82;RON;PLC;t;t;t;t;t;t;t;20000;f
RONDONOPOLIS X CACERES - ITINERANTE;CBA;435;0;83;RON;CAC;t;t;t;t;t;t;t;20000;f
SÃO PAULO X RIO VERDE - DIRETO;;902;0;56;SAO;RVD;f;f;f;f;f;f;f;25000;f
